V1,V2,V3,V4,V5,V6,V7,V8,V9,V10,V11,V12,V13
37926.91,37902.93,38150.383,38293.934,38516.89,38115.0,38154.13,38762.863,38751.04,39034.22,38217.914,38046.156,37890.535
3784.2395,3790.784,3807.6182,3819.9446,3853.4758,3807.8855,3812.381,3870.9321,3872.2559,3897.744,3819.1208,3796.7058,3781.0442
9658.603,9602.462,9703.226,9723.353,9789.292,9690.477,9690.183,9880.805,9868.377,9943.652,9718.497,9672.049,9636.375
2348.3008,2293.8882,2331.5513,2364.026,2349.935,2336.4402,2332.1643,2383.7642,2369.708,2387.3057,2332.999,2350.1106,2338.6436
1708.0995,1631.098,1721.9823,1706.2076,1702.2948,1660.7435,1641.0873,1609.4232,1669.7408,1728.612,1606.8383,1668.923,1660.9828
564.84717,585.20703,557.61975,569.95325,604.8343,554.7359,606.00525,599.62524,593.55804,586.5499,575.8827,571.19293,566.713
2895.1028,2746.1855,2836.9001,2887.3396,2863.4385,2784.7034,2894.097,2919.8015,2879.0598,2929.9614,2777.8071,2847.828,2909.7476
2343.8804,2305.5933,2399.0632,2373.106,2452.8013,2333.512,2280.6367,2247.4185,2289.0967,2366.5999,2255.4932,2247.6804,2327.3467
6164.0073,6094.1924,6251.98,6206.6006,6326.3877,6208.712,6133.252,6273.791,6263.699,6314.6675,6103.9927,6146.063,6108.024
4985.089,4926.5903,4993.8765,5014.4194,5004.204,4981.7363,5010.836,5124.947,5105.421,5144.1196,5025.586,5005.0415,4970.0566
401.09125,401.4238,402.86212,406.29373,415.61478,405.34998,393.6767,394.0733,396.9781,406.33466,391.18753,394.0338,397.22784
1056.5875,1048.3251,1062.9349,1067.7343,1064.8776,1058.8545,1057.715,1079.842,1076.9744,1089.7284,1058.6029,1062.1277,1051.0468
2225.4739,2188.8674,2240.5776,2244.7542,2228.1125,2217.2778,2221.7717,2283.4358,2272.327,2290.0457,2225.164,2246.311,2221.0068
2236.8467,2195.0837,2249.7178,2248.1272,2241.4429,2225.8743,2234.204,2291.0625,2281.478,2301.7952,2232.8638,2249.0022,2222.6362
3639.4253,3419.0984,3683.286,3652.303,3487.7227,3539.4592,3605.5056,3779.3235,3697.8735,3749.013,3542.2146,3724.4739,3587.0532
3639.4253,3419.0984,3683.286,3652.303,3487.7227,3539.4592,3605.5056,3779.3235,3697.8735,3749.013,3542.2146,3724.4739,3587.0532
12053.304,11974.394,12119.265,12152.575,12176.172,12069.722,12124.763,12375.081,12344.517,12428.595,12139.747,12129.356,12040.902
4447.301,4454.4575,4502.2896,4503.483,4533.295,4470.1074,4465.332,4545.935,4548.1733,4575.6797,4469.2866,4488.194,4448.3594
3006.909,2887.3777,3023.967,3048.6787,2993.8105,2932.9546,3000.6174,3029.6582,2938.9368,3084.1565,2889.1914,3007.13,3060.0825
4483.9995,4304.4365,4455.2935,4478.454,4503.617,4369.8916,4493.531,4556.7026,4514.829,4614.5327,4406.9326,4440.3125,4470.2188
2051.489,1972.5453,2072.224,2076.4937,2035.4086,2001.7172,2036.2185,2065.2336,2068.4624,2095.465,1987.5394,2059.868,2076.5068
3605.198,3565.1824,3537.7395,3571.823,3700.0151,3446.7915,3719.556,3717.7998,3779.1865,3743.044,3603.4424,3665.2996,3542.608
816.9208,809.2767,822.5298,823.12915,822.75415,817.41095,832.5455,845.83856,840.8081,838.91046,817.8694,829.9622,823.92474
6723.8867,6339.5093,6688.7563,6725.102,6496.74,6485.589,6666.2134,6775.6313,6717.484,6855.431,6426.0576,6782.347,6659.2983
1039.1267,997.02545,1044.6974,1038.2375,1027.46,1019.3328,1021.04535,1042.9506,1055.9677,1061.7712,1009.7909,1035.4858,1026.431
2999.569,2880.961,2986.8835,2991.536,3030.4348,2906.245,2965.9905,3035.9382,3025.0713,3134.4539,2947.0088,2974.3455,2946.8726
2237.972,2046.0854,2187.3083,2269.4563,2244.914,2058.0898,2205.9482,2307.879,2145.7412,2336.2432,2113.3203,2135.7156,2217.6094
3427.9836,3263.636,3572.9512,3612.2007,3455.0505,3249.004,3583.432,3686.845,3351.748,3476.1853,3231.0464,3584.2888,3687.807
649.2723,651.0293,656.78357,661.4983,665.91296,646.7038,665.07227,674.00055,657.9422,659.39526,649.23175,655.61066,651.8011
3683.2163,3759.9902,3718.765,3667.0637,3843.7686,3647.6328,3832.2644,3820.8716,3884.807,3818.4102,3763.206,3763.49,3666.919
781.6033,707.78986,787.218,788.27313,747.5406,736.207,725.24725,747.20526,767.5001,799.6426,711.77997,784.1823,741.56085
3993.2761,3726.0237,3970.7542,3924.4482,3965.6082,3807.112,3908.8665,3947.8088,3951.1694,4095.4407,3821.0854,3833.285,3921.8433
1521.4072,1497.1837,1518.8301,1515.2168,1542.5249,1547.2996,1487.574,1473.2772,1510.3949,1520.0511,1459.1327,1477.7533,1491.5695
1122.9592,1098.82,1141.0645,1137.988,1139.9246,1120.6892,1095.9493,1104.8818,1110.3665,1146.511,1087.1267,1104.884,1107.9755
1131.7228,1092.1582,1127.6193,1152.5802,1156.3313,1129.3352,1084.8438,1093.5713,1069.5334,1147.1914,1086.3054,1073.8386,1133.0485
15933.744,15913.836,16321.175,16332.614,15986.993,15762.807,16019.536,16291.182,16465.736,16716.635,16009.639,16425.748,15601.113
2887.2002,2872.1296,2909.571,2914.1995,2926.1611,2893.9265,2892.222,2943.285,2937.344,2965.4954,2894.5747,2892.5242,2878.5977
3165.5085,3153.5388,3188.0596,3195.2483,3212.025,3175.1404,3175.9875,3231.011,3221.0225,3248.815,3176.3738,3173.559,3160.399
5698.575,5662.801,5739.6265,5751.0493,5758.105,5712.149,5716.7344,5842.983,5828.092,5873.9424,5735.296,5729.3687,5686.564
5693.174,5657.5527,5734.3433,5745.55,5752.4854,5707.028,5711.2563,5837.35,5822.6875,5868.1553,5730.0586,5724.1465,5681.2964
6238.492,6205.2812,6273.0757,6293.5747,6308.1133,6254.226,6267.139,6399.888,6379.432,6422.2837,6282.9805,6271.889,6230.6035
6250.3657,6216.762,6284.646,6305.6396,6320.446,6265.423,6279.1787,6412.2495,6391.299,6434.984,6294.4424,6283.3364,6242.155
6244.4307,6211.0225,6278.86,6299.6064,6314.281,6259.8257,6273.1597,6406.0674,6385.364,6428.6343,6288.7114,6277.6123,6236.379
5687.772,5652.305,5729.06,5740.0522,5746.8647,5701.905,5705.7783,5831.715,5817.2812,5862.3687,5724.823,5718.9243,5676.0312
2964.3386,2953.139,2976.051,2994.6162,2998.8367,2973.849,2968.832,3028.7383,3020.0212,3037.5662,2977.3596,2974.6685,2962.1797
3307.9316,3302.6985,3344.2966,3347.6194,3353.0432,3317.298,3333.9714,3405.2583,3385.677,3415.941,3344.2424,3334.9558,3310.0222
2963.171,2951.9988,2974.9983,2993.5046,2997.602,2972.7146,2967.7334,3027.6401,3018.8772,3036.373,2976.189,2973.5652,2961.1284
3019.8928,3013.809,3043.1174,3049.4011,3064.5303,3025.076,3031.0251,3081.3167,3080.1538,3115.5508,3041.5935,3022.6628,3009.328
3307.3015,3297.447,3321.8184,3343.1897,3345.2388,3320.8264,3313.1167,3380.159,3372.0063,3391.2712,3324.0469,3321.266,3306.4268
3308.602,3298.7202,3322.9915,3344.4297,3346.617,3322.092,3314.342,3381.3835,3373.2827,3392.6033,3325.3528,3322.4973,3307.5986
6666.8735,6665.291,6736.887,6739.4707,6775.8438,6678.1323,6743.2876,6864.1157,6846.4644,6887.9536,6733.177,6731.9067,6680.6426
7311.7676,7296.543,7369.638,7385.1973,7423.9595,7319.8716,7391.3447,7522.6807,7501.3564,7543.5757,7372.4316,7380.0156,7324.7686
1713.1895,1693.5044,1729.2698,1723.0063,1706.6089,1707.0034,1728.055,1769.3527,1775.7853,1778.0826,1730.2412,1732.5714,1703.9496
2543.4011,2531.6328,2561.6218,2570.1184,2573.9565,2550.676,2554.6345,2605.2449,2596.36,2616.012,2557.164,2558.7742,2544.9692
4676.9414,4564.393,4687.607,4706.571,4649.6245,4659.451,4646.042,4751.075,4748.949,4795.3833,4623.5586,4698.4507,4623.5645
2291.675,2287.1858,2326.2058,2318.0388,2309.6042,2312.388,2314.2559,2424.6604,2393.3394,2396.009,2366.5276,2328.0544,2302.143
2374.8208,2375.4937,2383.281,2395.0735,2405.7805,2387.812,2407.5076,2465.863,2456.1943,2471.7295,2431.7769,2395.7517,2383.7725
3790.1487,3778.8682,3804.9807,3827.6726,3853.8877,3800.345,3825.7292,3874.7502,3875.2932,3882.5105,3794.5833,3821.5056,3802.627
2077.138,2089.6025,2074.8438,2136.171,2112.6665,2074.489,2060.2583,2171.4663,2202.0757,2205.9065,2106.5955,2148.0676,2121.458
9046.747,9008.398,9111.583,9122.716,9158.465,9076.307,9097.401,9283.168,9278.226,9321.551,9110.046,9117.56,9034.45
10299.823,10378.923,10430.329,10363.803,10443.5625,10396.778,10449.981,10585.232,10665.243,10577.402,10470.196,10426.794,10348.397
7103.9717,7060.538,7148.3657,7179.631,7178.563,7130.3345,7118.384,7284.091,7268.097,7321.5503,7145.358,7161.7026,7102.333
6075.668,6065.19,6127.102,6138.841,6145.4043,6112.5093,6116.285,6242.1284,6238.0356,6250.529,6131.495,6142.8276,6094.455
13292.798,13240.274,13473.722,13531.425,13339.77,13249.975,13392.249,13743.977,13696.933,13748.492,13392.47,13602.045,13285.181
18668.756,18581.715,18898.521,18977.947,18757.94,18622.998,18789.248,19262.559,19198.355,19286.502,18793.252,19040.727,18654.635
7350.7686,7305.7666,7381.6997,7395.209,7452.4707,7375.058,7374.375,7520.6084,7510.364,7569.204,7398.593,7354.184,7332.4307
13043.726,12985.269,13140.63,13186.161,13185.226,13080.767,13146.8125,13459.692,13401.581,13471.945,13180.835,13178.905,13087.3
7133.9697,7116.379,7187.9707,7206.2363,7231.1235,7164.046,7155.4775,7271.9155,7281.882,7329.399,7155.419,7175.5356,7123.044
7129.7275,7118.026,7189.268,7203.3726,7234.0977,7160.2456,7158.041,7275.476,7281.667,7327.5845,7156.036,7175.2065,7123.052
2646.2693,2634.1465,2663.1172,2672.281,2678.5996,2654.2761,2654.9429,2705.0996,2702.02,2724.5574,2658.9927,2659.0476,2642.1365
2135.3672,2133.0212,2152.9502,2167.4978,2171.2102,2147.4973,2141.1702,2149.6426,2138.237,2166.7312,2116.892,2132.1365,2137.814
2135.3572,2132.9688,2152.9275,2167.4639,2171.1787,2147.4412,2141.133,2149.5698,2138.2124,2166.717,2116.814,2132.0894,2137.7688
2135.3672,2133.0212,2152.9502,2167.4978,2171.2102,2147.4973,2141.1702,2149.6426,2138.237,2166.7312,2116.892,2132.1365,2137.814
3507.2878,3364.8728,3571.676,3565.1924,3393.6924,3464.136,3479.7236,3675.8389,3601.6438,3587.3523,3476.0398,3626.9453,3528.558
24719.998,24462.9,24809.287,24873.314,24971.473,24729.57,24824.422,25325.357,25224.893,25509.719,24845.727,24780.455,24636.158
830.6892,838.5114,830.7543,840.1964,848.51294,850.6351,827.2574,829.32263,833.63306,842.24945,826.14954,826.2187,822.95197
3562.2,3416.4194,3548.3997,3558.2766,3525.4375,3488.6814,3479.348,3583.8386,3575.7993,3664.3464,3487.291,3551.43,3511.9053
3537.8926,3417.5918,3517.4426,3495.5588,3560.602,3493.199,3470.7588,3550.0972,3565.6118,3614.9895,3493.4436,3470.8982,3460.5347
1071.6272,1084.0161,1100.7614,1097.8419,1087.1803,1093.7683,1034.4778,1035.9387,1044.0419,1055.6544,1029.3323,1046.6558,1041.2811
1082.8411,1084.4342,1117.1213,1117.985,1091.6095,1111.043,1047.9753,1069.4456,1063.2626,1086.7611,1050.9985,1070.2031,1066.1029
24697.936,24532.705,24826.52,24867.275,25008.3,24794.09,24790.55,25345.494,25257.342,25458.922,24886.043,24810.111,24654.803
4452.875,4431.119,4481.562,4493.6763,4507.334,4465.0493,4470.2695,4558.483,4551.5107,4583.905,4477.9424,4476.387,4447.1514
5623.533,5587.7524,5664.6313,5667.462,5669.851,5629.048,5663.375,5832.1963,5823.617,5851.7256,5717.0527,5691.1216,5621.4233
5640.4346,5603.321,5672.459,5677.5625,5684.0903,5643.875,5681.238,5850.623,5850.168,5867.091,5736.335,5708.0386,5632.6074
17119.373,16984.266,17196.365,17255.0,17271.17,17128.822,17235.828,17649.486,17583.654,17684.861,17291.617,17254.547,17115.963
17142.713,17003.133,17217.824,17278.264,17288.016,17151.066,17256.93,17668.797,17607.324,17705.049,17309.873,17278.865,17138.111
1094.332,1088.0939,1100.8103,1103.6589,1107.5,1096.9314,1098.4915,1120.5889,1119.4211,1127.2487,1100.2526,1099.9174,1092.2109
11963.448,11895.381,12031.843,12068.531,12106.54,11981.391,12022.863,12284.066,12257.193,12336.994,12053.876,12048.251,11950.03
1244.4113,1242.5281,1251.4213,1256.3345,1262.9788,1249.7432,1251.531,1272.6292,1269.8339,1282.2728,1254.083,1247.0983,1242.93
1873.9707,1866.955,1890.2148,1892.6445,1896.175,1876.3503,1887.8423,1922.2781,1922.0353,1934.3323,1883.7252,1891.2448,1874.6791
19983.553,19911.676,20153.771,20182.816,20224.371,20013.35,20129.434,20494.863,20489.805,20625.27,20091.463,20159.914,19989.52
24534.271,24513.047,24592.832,24670.734,25004.506,24720.615,24627.418,24956.023,25063.531,25235.377,24685.906,24446.143,24414.447
1726.6328,1715.4775,1736.8622,1741.7329,1745.5671,1729.6692,1734.0814,1771.8778,1767.7655,1781.2932,1738.9923,1737.3251,1723.8396
1774.0155,1760.4779,1792.6796,1789.4502,1788.7646,1778.9937,1772.4744,1802.5742,1802.0776,1820.2362,1771.8077,1776.1871,1763.7389
1483.3917,1467.9327,1503.1097,1495.9087,1492.476,1486.5244,1482.2653,1514.453,1511.3949,1526.3254,1482.4414,1489.0443,1474.1526
11328.748,11271.031,11388.889,11422.363,11471.22,11359.737,11376.227,11612.01,11594.896,11671.353,11411.214,11380.854,11307.368
504.20288,513.5593,512.44867,512.0156,515.3915,512.0368,511.06696,514.30145,517.57153,517.94965,510.92593,508.29764,507.9575
637.3733,646.91364,646.9995,646.74097,650.42175,646.3825,645.41095,651.859,654.8287,655.7293,646.0846,642.8935,641.39954
16113.711,16034.725,16173.694,16255.337,16319.095,16147.929,16183.996,16455.934,16438.424,16545.553,16167.841,16178.316,16092.671
11463.0205,11400.476,11520.37,11550.418,11611.904,11486.975,11505.919,11735.913,11718.352,11801.167,11540.573,11500.041,11446.755
9717.512,9667.0625,9771.216,9796.585,9839.022,9744.806,9757.294,9966.0,9950.8,10016.7,9793.844,9762.877,9697.601
15635.974,15556.676,15754.314,15796.7705,15800.343,15647.885,15725.517,16075.342,16027.1455,16132.783,15764.704,15776.65,15640.993
4090.2585,4067.8904,4111.4507,4115.9775,4146.4907,4104.934,4100.592,4184.8447,4186.284,4222.124,4133.698,4097.4917,4078.915
1101.5475,1095.8531,1105.3901,1110.44,1118.1746,1103.783,1105.1711,1122.8615,1121.5693,1130.6151,1104.3887,1103.9938,1098.9357
9142.995,9088.946,9203.454,9225.6455,9246.536,9162.285,9182.454,9372.901,9357.08,9423.488,9200.853,9199.866,9134.497
2148.538,2135.4736,2161.5466,2167.5916,2172.7456,2152.742,2157.6008,2203.3154,2198.7446,2215.2988,2162.9395,2161.4092,2145.1094
23499.012,23363.303,23660.838,23708.312,23747.783,23543.7,23603.307,24103.646,24074.78,24228.377,23657.758,23664.797,23463.236
16068.796,15988.515,16162.983,16204.526,16268.001,16112.759,16141.394,16467.238,16449.34,16561.26,16181.837,16151.139,16042.845
14316.2705,14246.319,14398.718,14436.198,14496.311,14356.419,14380.38,14669.412,14655.502,14755.255,14418.003,14387.075,14291.468
7129.847,7086.555,7179.3657,7191.869,7201.7744,7142.232,7163.3135,7320.804,7313.1104,7352.8657,7179.718,7188.2974,7119.823
1080.486,1074.3635,1086.9144,1089.7145,1093.5415,1083.0576,1084.6018,1106.359,1105.1974,1112.9424,1086.2767,1085.9801,1078.3989
9445.806,9393.976,9501.54,9528.254,9557.614,9458.895,9496.64,9702.815,9683.298,9743.127,9520.804,9514.8545,9437.233
756.31067,761.7955,766.43994,767.40826,772.36115,763.7967,763.9794,777.75574,775.678,777.0918,764.0943,766.241,762.8117
10488.12,10404.492,10561.272,10580.517,10583.487,10479.058,10557.502,10786.526,10755.052,10824.911,10545.888,10590.308,10488.594
11244.37,11166.3,11327.739,11347.976,11355.798,11242.885,11321.468,11564.343,11530.836,11602.01,11310.141,11356.65,11251.3955
14940.048,14856.383,14901.624,14969.04,15230.178,15017.566,14956.853,15214.995,15262.624,15370.906,15043.698,14806.577,14829.794
6955.3164,6917.0854,7003.0024,7021.2,7028.678,6968.887,6996.034,7156.411,7135.5044,7181.17,7019.4863,7014.2803,6956.593
1725.7462,1714.6042,1735.9805,1740.8491,1744.6587,1728.7998,1733.178,1770.9733,1766.8715,1780.389,1738.1141,1736.4474,1722.9471
1014.1175,1006.97974,1025.5444,1022.58185,1022.66473,1016.91187,1013.29407,1029.6715,1028.3673,1041.1592,1013.3892,1013.4458,1007.4642
762.48474,753.7277,774.88,768.599,766.2234,763.70825,762.3524,781.1813,777.5355,787.42004,763.145,765.5655,756.82355
10325.349,10268.22,10379.005,10408.939,10452.0205,10350.217,10368.03,10587.438,10571.087,10641.351,10402.491,10373.282,10305.172
359.01938,364.1094,365.82324,365.18326,366.75278,363.6893,365.31494,372.22513,371.54636,368.63602,364.31314,366.77106,365.68185
464.87604,469.86835,472.71265,472.1837,473.93674,470.46042,471.80823,481.36307,480.614,478.10464,471.5084,473.7365,471.66473
8796.47,8760.088,8833.778,8878.604,8910.788,8820.677,8845.776,9025.415,9002.657,9059.078,8863.212,8851.893,8796.864
10906.108,10832.874,10956.378,10985.449,11036.485,10923.058,10945.368,11166.887,11150.432,11233.247,10977.328,10941.93,10884.181
9445.732,9392.167,9495.584,9521.032,9560.904,9468.172,9483.423,9684.88,9670.8545,9735.416,9516.112,9488.087,9425.405
10717.647,10656.639,10798.54,10824.611,10821.018,10721.788,10787.289,11043.507,11000.529,11053.174,10819.682,10830.024,10726.452
3603.3997,3583.3083,3619.3943,3625.5505,3655.001,3615.498,3611.361,3683.6287,3686.589,3721.3738,3642.2075,3604.7134,3588.9033
1081.3936,1075.8055,1085.0309,1090.0344,1097.7021,1083.4192,1085.4742,1102.6317,1101.4187,1109.9408,1084.305,1083.878,1078.8873
8138.7173,8090.436,8193.494,8212.607,8230.3125,8155.9883,8172.4536,8340.646,8326.547,8386.073,8188.102,8187.486,8130.3965
2147.262,2134.2131,2160.273,2166.315,2171.4429,2151.4807,2156.307,2202.0132,2197.453,2213.9941,2161.6704,2160.1401,2143.8286
22267.406,22143.518,22427.1,22468.066,22508.768,22313.91,22362.805,22827.975,22805.146,22951.766,22408.531,22421.578,22230.844
13786.913,13706.235,13862.894,13899.577,13951.955,13816.929,13845.919,14136.442,14115.044,14210.125,13884.491,13856.926,13763.06
12038.479,11968.109,12102.771,12135.394,12184.399,12064.711,12089.04,12342.872,12325.408,12408.363,12124.816,12097.005,12015.822
6039.4395,6006.417,6087.393,6093.7207,6105.311,6053.4097,6064.352,6189.7627,6187.754,6221.7886,6072.1924,6086.907,6028.097
6086.6943,6054.25,6124.1455,6143.1675,6146.2236,6108.3276,6126.6123,6305.5923,6269.7285,6302.75,6172.697,6144.8364,6097.793
6988.165,6946.312,7029.1777,7047.7876,7068.9087,6996.2393,7021.7344,7171.7246,7158.6616,7203.9834,7037.0957,7035.808,6978.3774
368.52246,376.8333,376.1112,375.80087,378.8164,376.96252,374.46088,380.80933,380.4017,377.45163,375.19382,376.3885,374.73642
7770.5894,7699.6875,7826.356,7834.158,7833.7544,7759.144,7816.1094,7981.936,7963.3257,8018.3403,7803.2114,7839.1196,7761.95
8139.0854,8076.5015,8202.534,8210.013,8212.544,8136.102,8190.576,8362.765,8343.814,8395.814,8178.535,8215.622,8136.675
11431.501,11362.761,11388.636,11445.146,11661.794,11475.998,11438.918,11604.505,11660.738,11746.213,11482.235,11308.409,11341.047
5315.5244,5286.842,5351.978,5365.682,5372.1084,5326.806,5346.783,5471.92,5454.9556,5489.985,5367.184,5361.473,5316.7964
11257.859,11186.423,11324.374,11356.55,11382.979,11281.43,11304.959,11551.662,11526.209,11615.178,11338.962,11327.442,11239.561
989.58997,982.42914,1000.68097,997.7605,997.62164,992.33844,988.5153,1004.53253,1003.3418,1015.84106,988.6344,988.77826,982.843
7426.3887,7338.504,7547.6616,7485.5464,7459.1367,7438.724,7422.989,7608.522,7573.329,7669.4985,7431.8555,7457.07,7369.113
6701.55,6664.5693,6733.905,6754.432,6786.3076,6717.4106,6728.171,6870.0293,6860.1094,6906.026,6751.1763,6729.6436,6687.3857
125.6231,126.11145,128.65181,128.48157,127.599815,125.77111,126.78471,129.77219,128.18864,129.5679,127.206,128.51636,127.93813
223.45749,223.82004,227.42404,227.45819,226.61133,224.5367,225.08177,230.51498,228.81848,230.71797,226.20789,227.2691,225.9029
4750.0005,4734.6724,4760.0186,4794.9775,4818.392,4765.0366,4777.9624,4871.704,4857.3735,4887.388,4786.928,4777.306,4753.34
8102.1377,8045.9214,8137.9263,8159.2295,8200.092,8114.1963,8128.95,8293.061,8280.992,8344.334,8154.2188,8124.1255,8085.318
6226.576,6191.0303,6257.8384,6274.8633,6304.416,6240.931,6250.2993,6382.797,6374.369,6417.238,6272.3877,6251.891,6211.9453
8208.758,8152.9326,8266.767,8286.079,8284.028,8209.463,8259.236,8461.5205,8422.063,8462.0205,8284.205,8291.506,8211.812
2949.4175,2930.2861,2961.2097,2966.9246,2992.1235,2959.0818,2949.405,3007.31,3011.2756,3045.1067,2978.1719,2944.838,2933.7866
9272.405,9228.858,9303.79,9348.723,9419.138,9296.589,9303.411,9446.988,9437.328,9514.852,9295.549,9288.735,9250.017
4502.7114,4472.2637,4536.6953,4545.2954,4546.981,4511.3823,4517.422,4614.1084,4606.836,4641.7603,4528.065,4531.1147,4498.0957
5429.8594,5395.5254,5467.2593,5480.38,5489.137,5441.145,5448.212,5559.1963,5550.8384,5593.3735,5458.1675,5460.108,5423.4756
1427.8535,1419.4268,1436.4425,1440.5365,1444.2621,1431.055,1433.613,1463.7255,1460.8986,1472.0133,1437.1434,1436.13,1425.4816
16097.094,16002.915,16218.058,16243.014,16260.115,16129.897,16166.394,16517.275,16499.232,16601.49,16208.739,16220.145,16071.45
9207.144,9150.718,9255.015,9279.95,9318.22,9225.93,9243.425,9435.686,9423.0,9487.839,9269.102,9248.665,9188.566
7994.957,7945.9644,8034.937,8056.9727,8093.125,8011.18,8025.6787,8192.937,8183.0166,8239.398,8049.823,8029.028,7977.38
11835.191,11766.605,11921.9795,11943.691,11956.11,11858.777,11885.899,12140.12,12123.21,12205.176,11917.922,11917.798,11816.95
4261.958,4236.3633,4296.0903,4299.36,4304.0356,4271.098,4280.55,4377.1963,4376.047,4396.346,4290.8027,4302.3057,4254.5527
3803.3933,3781.07,3825.7625,3834.807,3850.1646,3811.5579,3819.8147,3897.4346,3893.6677,3920.118,3825.2217,3824.4028,3796.3152
24576.346,24476.617,24723.525,24804.512,24886.988,24626.55,24749.17,25310.852,25246.227,25391.168,24836.986,24790.336,24588.646
3877.9028,3849.6714,3902.9778,3916.0952,3935.3804,3868.4304,3895.0762,3969.3596,3952.6865,3996.4275,3888.851,3898.3276,3880.6755
2717.5876,2704.8196,2734.9607,2746.3425,2749.7886,2719.9348,2741.443,2804.6274,2791.6646,2806.5815,2742.6338,2751.131,2726.6929
3105.3352,3089.8037,3125.2676,3137.936,3143.3274,3106.8003,3130.9585,3201.6052,3186.935,3206.1997,3131.5542,3140.975,3114.7732
3508.964,3492.7737,3512.462,3523.4,3568.4136,3541.2366,3516.7395,3608.9849,3600.9556,3624.8125,3560.251,3497.5583,3488.1802
1639.8505,1630.2803,1651.0093,1655.5223,1656.6019,1642.0701,1649.2952,1684.5424,1680.5731,1691.2164,1652.2843,1652.7667,1639.8287
3545.344,3524.741,3569.8303,3578.2852,3582.378,3550.9033,3565.184,3642.1875,3634.054,3657.1648,3572.4912,3572.6638,3544.0425
5999.241,5959.2686,6035.5464,6051.9307,6063.3413,6006.685,6026.4346,6157.6294,6142.247,6188.486,6042.2812,6037.2993,5989.702
3623.841,3603.695,3645.0745,3654.5022,3665.7373,3632.799,3639.9011,3717.4602,3710.999,3735.348,3651.296,3643.5842,3617.812
3869.709,3904.7996,3924.8066,3907.662,3968.133,3925.529,3899.5056,3936.6104,3989.1008,4005.1736,3883.4468,3909.8838,3846.1846
2804.0005,2787.0227,2818.4265,2826.2712,2836.3755,2808.834,2816.469,2873.9604,2869.5034,2888.952,2823.105,2817.834,2798.8909
3219.2002,3201.1802,3237.721,3246.1682,3256.5186,3227.2373,3233.1633,3302.1309,3296.5046,3318.2034,3243.7146,3236.1472,3213.4941
2508.9495,2503.7546,2531.6619,2538.4885,2537.0518,2512.3901,2528.0942,2581.8176,2578.4302,2591.1086,2535.391,2538.32,2514.7173
6540.077,6530.398,6581.469,6586.508,6629.05,6564.2827,6619.5645,6762.426,6753.076,6762.9395,6640.2666,6598.438,6551.285
1541.2058,1528.8337,1546.6002,1551.6395,1557.6282,1537.7589,1550.9095,1578.7767,1576.6074,1584.3956,1547.5853,1550.3346,1538.5726
2708.933,2694.9568,2726.2415,2732.2542,2741.212,2714.8472,2724.299,2781.5217,2775.7583,2792.739,2729.9153,2727.3606,2706.9612
7194.1562,7147.8794,7238.2524,7257.785,7271.845,7204.2476,7227.0015,7382.9453,7365.567,7419.856,7245.2744,7240.0483,7183.5044
8879.347,8835.166,8935.138,8957.19,8989.548,8898.674,8920.312,9091.975,9081.478,9142.958,8929.264,8928.783,8866.042
1271.476,1259.4944,1280.4867,1280.6461,1284.2607,1272.536,1276.0768,1305.1078,1303.3877,1310.7831,1278.5869,1279.7479,1270.499
6170.548,6140.1147,6208.7783,6224.8623,6248.3955,6183.7617,6195.8315,6310.14,6305.5015,6350.267,6199.038,6201.2485,6158.996
4579.8154,4555.5684,4607.8643,4619.627,4633.768,4590.9937,4602.5317,4700.789,4692.0645,4722.304,4615.376,4608.213,4574.5176
4043.5676,4022.195,4067.8208,4078.4243,4091.2983,4053.5227,4063.3992,4149.9746,4142.4214,4168.984,4074.9805,4067.9382,4038.466
1777.6587,1769.6907,1791.1002,1794.1896,1801.1246,1782.1123,1783.3711,1812.1179,1811.3203,1825.4431,1780.7971,1784.379,1773.2737
1023.10474,1021.0264,1027.6798,1032.0221,1039.219,1027.9808,1024.4884,1036.9829,1040.2853,1048.4589,1024.5951,1024.0001,1019.72186
2458.0627,2445.152,2467.352,2475.782,2497.6582,2472.324,2439.6082,2462.997,2477.2656,2509.6443,2443.3208,2441.024,2439.9087
2089.3225,2084.1182,2105.9827,2103.631,2119.5415,2094.8455,2092.5386,2107.643,2131.588,2141.953,2086.8328,2094.4553,2069.4004
494.18353,493.38998,496.9557,499.25217,500.9929,497.0227,494.00986,499.4852,502.0283,505.92245,494.1773,494.76434,492.84253
7125.3506,7137.4536,7169.514,7181.8296,7296.43,7155.113,7131.1494,7172.257,7208.891,7280.0615,7097.866,7098.78,7080.207
1295.4902,1293.1272,1301.7021,1304.9161,1319.374,1307.7063,1280.2229,1289.6985,1302.8134,1321.5446,1288.1278,1283.3807,1283.3876
5875.057,5802.9766,5903.1895,5921.4727,5913.1626,5871.555,5870.4434,5976.6924,5981.723,6026.84,5849.2695,5903.2573,5845.6157
572.87225,569.37775,572.9181,576.3978,584.6228,575.0694,570.0254,573.2071,573.9317,583.099,567.8303,564.888,569.6594
1203.8447,1216.0554,1210.0839,1220.9976,1229.3353,1219.5485,1211.9602,1222.322,1225.674,1232.9703,1212.8873,1209.0931,1208.0638
12446.85,12471.878,12440.382,12539.283,12733.753,12519.661,12496.167,12583.432,12615.38,12692.584,12462.336,12414.19,12451.203
3997.721,4014.02,4017.7766,4038.228,4081.6655,4037.6775,3998.9167,4032.0232,4048.845,4073.1914,3992.8716,3992.1863,3993.491
2517.264,2514.4912,2534.3696,2535.7283,2553.474,2528.9375,2520.9233,2550.2607,2571.4749,2584.3699,2522.9756,2528.533,2494.702
909.06323,894.1436,903.7573,912.80426,918.5746,905.9151,902.4568,911.85425,915.7813,939.0305,909.4926,899.52936,899.8111
2087.3755,2018.7356,2062.8289,2093.277,2093.0996,2024.762,2101.2966,2068.2703,2094.694,2124.5933,2034.6023,2044.0707,2082.9917
2448.5476,2463.266,2454.1384,2474.937,2502.6855,2471.554,2461.5815,2480.6445,2487.2588,2502.2212,2459.1814,2450.553,2453.1763
4906.5435,4908.2734,4921.5054,4950.7485,5000.272,4943.7583,4901.087,4943.731,4964.409,5011.9067,4902.459,4891.661,4893.08
6366.5117,6323.1514,6346.3306,6414.132,6432.935,6365.053,6386.358,6494.538,6493.794,6549.2524,6396.6685,6384.2446,6336.492
7242.5547,7203.0693,7294.904,7307.3765,7322.279,7258.4023,7284.377,7437.6494,7422.4683,7469.478,7293.9453,7295.439,7238.7363
11418.245,11280.812,11473.579,11475.477,11468.645,11420.592,11510.145,11863.936,11789.656,11832.362,11581.434,11529.061,11448.124
860.4349,848.8125,857.77014,853.8245,872.12354,852.07117,883.24335,923.3666,914.86414,908.6,894.2378,873.42487,862.8769
9245.019,8854.159,9031.349,9246.679,9050.769,9110.525,9189.661,9592.582,9453.795,9683.638,9358.513,9175.482,9139.14
26232.162,26167.928,26716.9,26757.604,26358.488,26071.24,26350.723,26848.492,26991.377,27328.412,26390.043,26805.379,25903.498
4190.3076,4151.7124,4198.1753,4216.4937,4220.1587,4194.0356,4229.1426,4322.6553,4311.228,4326.083,4225.4854,4227.11,4195.588
7570.081,7469.772,7596.5986,7609.1436,7609.93,7571.797,7633.8804,7860.4756,7811.568,7854.5933,7676.6943,7632.7837,7601.5435
17449.541,17275.91,17575.896,17591.42,17551.031,17433.977,17582.34,18083.994,18005.564,18103.799,17667.207,17660.344,17456.31
5386.745,5329.2085,5397.457,5421.6914,5420.7085,5388.0454,5405.9473,5520.541,5503.987,5551.362,5418.5767,5400.0312,5368.3564
3303.59,3248.5889,3303.852,3305.931,3313.7002,3295.1912,3312.6853,3367.6353,3364.8208,3404.6785,3317.5076,3279.9055,3277.7793
1799.7837,1782.2495,1799.8948,1812.3239,1808.7365,1807.2808,1785.0907,1818.8013,1822.9806,1842.5287,1800.3461,1790.6046,1779.74
2345.158,2327.9302,2354.511,2364.1838,2365.897,2349.173,2356.611,2409.2302,2404.699,2418.1829,2361.863,2362.1133,2343.1792
3125.364,3103.7656,3139.5823,3151.1292,3154.8274,3131.4065,3140.2407,3208.5156,3202.8284,3221.6697,3146.8147,3146.5881,3122.1416
9770.171,9722.938,9844.331,9846.127,9892.425,9821.054,9828.802,10098.38,10027.742,10072.976,9865.657,9849.479,9747.923
9820.333,9767.041,9866.485,9902.687,9906.768,9777.722,9959.509,10163.563,10127.146,10118.113,9930.179,9940.6,9842.761
1076.1155,1073.4741,1082.8423,1084.8938,1090.5795,1079.2548,1083.6377,1103.8464,1103.64,1107.8229,1084.4955,1082.2294,1074.0968
1807.8403,1801.6432,1819.5007,1823.4,1831.0607,1812.8729,1818.5454,1853.3131,1852.0424,1861.2773,1820.5272,1818.3197,1804.9143
6694.7446,6600.9478,6697.847,6727.2217,6745.927,6643.0933,6769.6167,6982.272,6916.0186,6934.3584,6787.408,6750.5083,6693.734
7681.245,7576.7607,7701.606,7722.252,7781.0767,7644.1846,7702.0244,7849.1055,7829.8223,7903.445,7663.19,7698.5513,7656.783
27594.307,27216.102,27735.396,27879.98,27634.04,27263.51,27690.441,28285.453,28282.188,28473.264,27531.684,28001.207,27533.908
1982.1448,1985.4598,1985.6707,2002.7554,2020.3945,1998.3406,1988.6631,2025.104,2022.5176,2035.7258,1997.7394,1987.9425,1984.1005
2165.9553,2146.0427,2167.758,2185.7615,2189.2314,2160.8757,2201.3506,2249.8594,2225.1597,2238.86,2182.0383,2200.0918,2188.6816
3386.0657,3390.203,3391.8254,3417.3428,3449.1348,3408.7646,3430.936,3507.072,3497.2922,3497.5906,3438.1104,3437.8289,3413.6685
1590.2485,1579.1326,1585.8861,1598.9028,1610.6674,1589.5508,1605.2675,1623.9547,1630.7837,1630.7302,1587.4703,1607.83,1588.7206
8164.356,8097.223,8176.7188,8242.926,8249.556,8162.8555,8259.015,8509.725,8452.602,8470.85,8293.781,8304.907,8229.528
520.6503,523.5277,523.12915,528.4444,530.37573,524.7673,532.27795,546.858,540.4573,541.926,535.2337,531.98944,529.4045
3177.4192,3121.5784,3186.315,3204.803,3178.7615,3154.2732,3186.5964,3250.9287,3232.4094,3261.8997,3157.6423,3207.253,3177.5935
607.11804,605.60376,610.22363,613.5996,619.4892,610.24274,606.9816,614.27545,614.804,618.4699,601.90405,608.2086,606.5002
2078.005,2071.5022,2087.5957,2097.7368,2115.2832,2081.617,2086.6248,2117.5054,2112.7366,2132.264,2077.3005,2086.281,2075.0547
1214.9526,1218.6115,1215.3417,1219.2502,1239.2737,1230.8206,1216.1707,1221.7358,1227.5383,1226.2448,1216.4447,1211.7938,1211.9937
2081.5554,2067.553,2079.7312,2098.6873,2110.9531,2087.6448,2090.1775,2125.8848,2116.7983,2135.943,2090.7974,2087.7302,2081.7441
491.8318,503.25272,500.61215,502.96292,512.9976,502.83667,487.46887,485.303,485.8709,491.17007,482.47974,485.72693,492.2081
3553.405,3550.6377,3567.1814,3595.5537,3625.8252,3571.7336,3586.9023,3666.776,3659.438,3670.1597,3589.6196,3601.973,3587.9126
1373.0576,1354.1672,1358.3783,1376.1696,1392.9895,1358.4553,1406.9443,1438.4108,1425.2268,1425.3783,1387.9279,1400.4923,1389.6359
434.02585,430.23505,432.77045,437.03885,440.31158,432.5715,441.093,447.15637,443.816,445.28928,435.05356,437.89386,439.81918
4387.532,4412.783,4392.7153,4443.7534,4514.8354,4445.484,4440.3164,4535.934,4504.906,4497.6074,4439.7407,4437.626,4459.417
2610.766,2586.5623,2625.5217,2634.4397,2650.3042,2606.9666,2622.4631,2673.191,2659.0977,2680.0247,2605.7866,2624.9968,2620.8604
1207.1018,1219.1167,1209.3286,1221.5127,1243.7526,1212.1134,1232.1519,1251.9265,1250.7764,1242.2302,1219.3668,1229.8468,1225.7882
1629.4106,1600.1151,1618.5115,1638.9635,1641.4279,1613.5251,1653.2046,1697.1754,1677.5216,1685.8165,1640.6234,1649.5492,1648.2897
1284.9647,1272.9144,1283.4819,1291.815,1304.3837,1284.0184,1304.4955,1326.6613,1320.2386,1311.7413,1283.402,1295.6173,1299.8937
852.72656,847.587,856.3263,860.17426,866.3375,854.4646,851.41516,861.0092,860.84625,868.5684,845.7883,851.42444,849.81805
2637.252,2628.1228,2654.5862,2659.9724,2681.6487,2639.2463,2659.6814,2688.6436,2682.518,2695.836,2639.3167,2646.43,2651.7197
1385.3716,1376.0167,1387.851,1398.3867,1408.3271,1391.9376,1374.9246,1381.8746,1379.045,1400.001,1361.2366,1372.4464,1382.0785
4280.0146,4227.587,4287.4165,4308.4033,4341.081,4282.588,4241.777,4315.257,4313.502,4366.483,4245.619,4251.4326,4250.6143
16375.12,16444.057,16557.475,16502.719,16588.686,16508.953,16566.111,16827.844,16903.38,16827.822,16601.857,16569.906,16442.787
23827.248,23877.914,23954.531,24064.803,24253.818,23985.227,23987.762,24305.041,24319.637,24504.389,24026.61,23855.473,23806.475
3265.0378,3248.566,3296.8875,3308.3,3290.0576,3263.5527,3283.2305,3359.349,3350.7017,3369.299,3286.3208,3310.5737,3261.6782
6960.5923,6940.479,7002.1523,7028.9883,7057.894,6993.55,6979.634,7099.764,7099.1885,7147.4478,6985.454,6989.7583,6951.8936
8577.779,8525.113,8615.587,8632.015,8693.6875,8605.059,8605.952,8777.505,8765.42,8833.24,8633.231,8586.377,8556.972
12270.07,12193.501,12338.906,12368.099,12412.12,12300.016,12315.815,12568.997,12550.304,12640.192,12346.248,12321.868,12245.557
5868.8096,5841.4033,5923.404,5937.3203,5925.598,5882.06,5905.0576,6036.424,6020.106,6055.0,5911.964,5936.105,5872.326
1905.8389,1895.1307,1919.1158,1923.5333,1927.1945,1910.6156,1911.4078,1953.0009,1949.3251,1965.3715,1918.8422,1915.8756,1902.285
2593.5188,2670.4116,2697.7927,2668.4592,2749.5972,2635.3298,2617.7607,2707.5327,2720.8154,2710.5237,2630.3105,2700.8835,2649.5383
4032.8884,4012.6973,4059.7463,4070.103,4080.5415,4042.896,4050.6892,4131.5063,4125.224,4153.0024,4056.7927,4057.076,4027.9297
2135.0037,2125.365,2148.399,2158.4414,2159.5227,2140.7224,2145.2524,2191.7383,2183.8025,2201.8054,2152.02,2148.981,2137.1558
6775.633,6863.2554,6864.3657,6929.918,7089.763,6862.6353,6857.5337,7035.8364,6883.753,7129.5083,6947.2686,6759.362,6859.857
631.9137,596.90967,652.20447,631.92444,594.5477,618.34,623.877,617.68665,611.8783,628.7112,601.64606,631.12946,606.92865
4710.4404,4699.026,4746.1797,4763.095,4789.514,4729.1675,4736.437,4835.0933,4813.614,4865.939,4751.533,4733.016,4713.91
4420.518,4399.32,4449.097,4460.6274,4475.8154,4432.948,4438.892,4526.357,4518.95,4551.6807,4447.052,4442.669,4414.5186
2350.489,2301.726,2356.4788,2355.8254,2355.1543,2318.0542,2381.0781,2463.5742,2442.4104,2469.5315,2384.4998,2391.0056,2346.5522
3846.5042,3809.2068,3871.5881,3873.5742,3895.9138,3826.5398,3873.5725,3959.8577,3955.931,3987.4458,3871.7139,3881.1816,3826.3323
2278.2097,2246.3354,2273.8855,2289.3704,2297.272,2282.2395,2280.4316,2353.4097,2330.7622,2356.1921,2307.9841,2284.2522,2272.9165
2310.3208,2285.0,2305.5925,2322.1038,2335.4453,2317.784,2311.9802,2386.0405,2366.1787,2386.0686,2346.3286,2315.281,2306.3774
3039.1128,2957.121,3059.8171,3036.4001,3040.0625,2985.3174,3027.6711,3081.6265,3095.903,3138.8875,3023.6711,3041.8145,2988.1436
1432.5801,1412.8043,1428.3169,1439.5377,1446.0684,1435.4719,1436.6069,1484.4963,1466.1036,1482.761,1454.2266,1436.8802,1431.9681
1408.0857,1392.3235,1402.126,1414.7919,1425.7046,1414.1444,1407.1342,1456.0464,1441.3475,1453.9991,1431.9022,1410.5067,1404.9794
7599.1294,7534.6963,7670.919,7668.857,7660.726,7620.7583,7591.553,7728.798,7736.713,7790.9077,7583.9316,7626.975,7562.7397
7209.374,7141.5127,7282.5913,7273.448,7262.275,7227.7856,7198.573,7332.3516,7337.74,7389.23,7192.08,7234.6465,7173.2705
984.1597,978.4968,989.5873,992.6271,995.76825,985.9206,990.35223,1012.09607,1010.39246,1016.7555,992.64905,992.24396,984.0655
6214.282,6180.312,6251.5747,6270.884,6276.4673,6234.397,6256.0156,6435.7695,6398.8745,6433.2124,6299.617,6271.7427,6225.907
845.6817,833.557,845.54333,849.82495,851.2357,846.7381,843.87933,868.96313,864.6911,873.4527,853.7291,847.3118,840.9618
9022.166,8926.814,9034.211,9072.9375,9097.224,9036.306,9048.239,9300.205,9248.31,9320.527,9144.065,9047.591,9013.915
10904.7705,10801.701,10919.649,10982.091,10965.305,10889.072,10989.725,11309.603,11253.781,11311.479,11075.199,11013.579,10917.808
3284.8733,3277.5164,3304.2063,3317.4753,3334.81,3303.9338,3296.0337,3364.7756,3351.8726,3384.0898,3309.1558,3295.0017,3279.5461
1383.8226,1364.1613,1379.6086,1390.5288,1396.5044,1386.4299,1387.7328,1433.7926,1415.6586,1432.1399,1404.2465,1387.6503,1383.234
1356.749,1341.1316,1350.9282,1363.1685,1373.5293,1362.5709,1355.3691,1402.6628,1388.2374,1400.8257,1379.5463,1358.6802,1353.5333
5362.5376,5333.8276,5400.4917,5412.071,5424.719,5374.6797,5391.3945,5508.2534,5496.457,5533.2065,5403.8853,5402.761,5360.593
1779.5579,1779.3188,1787.7384,1797.7175,1819.9557,1796.3777,1781.8137,1819.5999,1809.6678,1828.6757,1796.3135,1777.6891,1791.885
2211.1458,2202.2737,2226.5774,2234.3542,2238.9175,2218.172,2221.9045,2264.8916,2257.3064,2273.5195,2223.3662,2224.712,2213.188
332.32947,329.37518,334.99307,335.7574,335.08026,332.44205,332.7527,340.39944,339.0958,342.56357,333.7784,334.03674,331.74152
565.0345,561.16187,569.1656,569.44586,572.06824,566.14276,566.4624,576.86774,576.8626,581.5421,567.23804,566.7883,564.4663
1106.714,1216.8379,1272.8099,1164.6461,1105.0264,1287.4254,971.2624,837.5465,965.7435,950.47485,925.85657,1052.9208,1052.2969
10299.007,10253.495,10396.226,10425.165,10370.791,10307.604,10329.533,10555.955,10524.981,10611.619,10377.948,10380.239,10301.174
2225.6467,2208.09,2232.8389,2244.9194,2239.9868,2228.4734,2234.345,2280.5828,2276.16,2292.1208,2239.3066,2238.658,2220.9622
7802.127,7758.382,7850.6997,7869.469,7889.35,7822.3276,7836.3438,7992.9307,7981.378,8034.928,7849.5146,7844.7466,7789.6396
9772.0205,9766.637,9859.86,9883.468,9895.3,9818.178,9876.163,10105.655,10053.758,10082.012,9894.639,9890.888,9819.694
14514.857,14323.263,14543.587,14595.206,14676.878,14428.074,14623.139,14979.448,14897.826,14983.099,14594.474,14594.938,14494.834
8604.816,8619.687,8614.536,8633.772,8760.567,8608.883,8833.047,9042.04,9000.692,8977.076,8864.053,8696.897,8658.784
18530.58,18517.584,18619.451,18662.145,18808.498,18560.625,18826.266,19265.74,19177.607,19263.625,18930.666,18681.668,18586.361
1722.7937,1688.1304,1719.7543,1736.8481,1720.9182,1711.8618,1734.5114,1789.8721,1762.5457,1795.3435,1745.034,1743.883,1706.3435
1541.5957,1525.2223,1526.0087,1541.3567,1564.6515,1533.5339,1558.591,1599.6809,1596.063,1597.4357,1557.1315,1549.5133,1531.1742
2490.0278,2446.6235,2559.0574,2525.0005,2510.6858,2501.1414,2423.7722,2492.1921,2485.4841,2550.452,2442.9204,2471.8445,2462.0342
2768.6912,2820.469,2948.1892,2882.2595,2762.886,2851.93,2798.2717,2848.8958,2863.15,2817.576,2765.8096,2925.3176,2800.1218
4596.071,4791.0347,4909.5557,4837.1313,4657.6206,4776.352,4709.713,4807.5537,4780.887,4671.9897,4671.882,4901.273,4772.677
3242.322,3264.3855,3435.9897,3365.3035,3221.7383,3309.7158,3208.1902,3214.3457,3259.7163,3251.5764,3121.751,3348.7673,3202.1865
2917.1665,2975.0312,3076.6995,3021.6143,2917.234,3024.3503,2887.0173,2923.3462,2982.7861,2929.139,2896.4111,3032.3916,2927.8047
1664.1157,1698.9281,1746.5619,1718.8794,1693.642,1721.4138,1665.3699,1702.4795,1697.6493,1686.8895,1666.176,1716.9775,1667.0236
2393.4275,2433.3254,2494.1042,2472.0588,2457.9155,2447.3892,2373.0276,2409.707,2396.1711,2432.544,2345.2405,2431.3088,2375.2974
2671.7104,2691.99,2758.389,2752.966,2689.8997,2717.8413,2623.3132,2653.6133,2681.272,2688.5469,2650.383,2724.033,2678.0098
5027.6543,5194.8857,5368.6626,5267.1187,5093.423,5235.43,5068.7534,5115.371,5116.217,5078.957,5012.1787,5266.432,5110.748
2695.1028,2768.253,2851.7478,2796.9875,2725.1155,2777.3064,2716.6333,2761.4072,2774.7407,2727.7192,2704.4238,2818.2268,2707.5698
2782.639,2820.472,2883.4949,2819.9617,2748.3628,2914.4573,2723.7927,2724.2185,2819.6025,2748.0413,2737.1953,2846.402,2722.9573
2316.1702,2395.716,2440.277,2419.9814,2356.9463,2408.6594,2337.458,2374.9224,2369.5613,2334.9285,2313.9922,2420.028,2351.2505
3078.9849,3092.7034,3249.9548,3196.8748,3031.0286,3160.0945,3070.7827,3134.3623,3148.92,3119.5784,3052.3923,3216.8616,3065.2227
2161.8298,2229.653,2273.8743,2245.0874,2190.855,2234.0173,2196.6482,2224.914,2234.8442,2194.702,2176.432,2261.7446,2179.8984
5364.5615,5392.0864,5556.469,5486.894,5407.9497,5456.494,5357.9863,5520.388,5491.0396,5469.2944,5382.289,5529.0366,5323.1094
4107.292,4160.668,4288.027,4223.3296,4199.298,4188.6973,4040.6702,4102.5815,4124.6885,4136.327,4035.9866,4177.5376,4036.3564
4214.584,4222.4707,4349.031,4316.3223,4190.9634,4242.1846,4177.504,4248.5366,4268.208,4247.2554,4181.4565,4301.595,4149.7363
3445.028,3449.978,3533.9885,3529.0417,3467.0566,3491.0225,3411.9475,3519.8875,3516.2004,3523.3633,3436.9097,3537.439,3419.2979
1893.4359,1862.2404,1932.2867,1927.2766,1872.289,1917.4451,1759.8143,1729.882,1804.4159,1865.0992,1759.2587,1834.7007,1817.026
6683.8047,6562.0166,6702.303,6817.8755,6683.672,6663.4917,6511.7983,6697.183,6628.577,6712.809,6527.431,6666.071,6597.262
4335.1914,4370.209,4445.1777,4418.917,4379.407,4431.551,4245.848,4308.238,4343.457,4334.924,4294.9893,4380.6665,4286.0166
2486.3005,2569.3352,2601.3638,2583.944,2568.9292,2571.8142,2502.5823,2556.7498,2524.829,2517.8728,2484.3994,2560.4307,2488.6436
3740.2444,3937.5674,3928.3672,3893.0627,3881.1746,3927.3586,3817.319,3836.4355,3787.343,3730.4612,3765.5422,3903.1492,3806.5273
3306.4712,3221.4375,3353.3064,3353.7468,3298.005,3268.025,3301.2825,3318.6838,3307.6626,3385.7249,3198.041,3327.9712,3279.087
1951.7229,1970.7212,2029.207,2002.2166,1973.45,1996.4702,1929.45,1948.99,1962.014,1969.6874,1918.8717,1990.5549,1922.3365
1719.9443,1721.4595,1766.9211,1771.1006,1763.0449,1738.8055,1689.3986,1727.6597,1718.8356,1725.9459,1675.5569,1722.218,1720.9597
5222.6724,5347.4077,5461.511,5347.821,5297.3413,5408.0796,5206.502,5263.228,5340.948,5254.7617,5204.6777,5392.302,5184.465
2079.5242,2096.4807,2161.162,2129.3955,2122.4238,2138.4426,2061.7317,2124.0764,2107.6333,2114.7632,2067.0315,2128.9812,2054.7925
3823.4517,3735.298,3842.006,3868.8132,3802.6182,3817.162,3605.2056,3633.8354,3736.1606,3829.416,3698.127,3776.4453,3719.833
2226.1453,2251.2668,2303.399,2281.117,2271.857,2264.3042,2230.3967,2251.6992,2281.8171,2276.015,2195.961,2284.6619,2223.58
3332.4988,3328.778,3366.056,3373.677,3338.663,3413.8064,3364.5474,3492.937,3468.8157,3427.324,3414.6191,3418.8025,3344.4924
3093.416,3087.741,3185.8987,3124.486,3083.4045,3162.9426,3000.6836,3042.3167,3142.783,3093.4207,3042.298,3139.0544,3019.9067
7835.407,8022.631,8171.2417,8022.583,7989.757,8110.905,7902.667,8101.1235,8160.325,7980.5674,7941.631,8175.5474,7837.551
2175.6863,2238.2546,2257.1777,2273.589,2212.2334,2256.7085,2192.463,2246.9485,2237.2268,2212.2239,2203.9175,2262.859,2225.8716
7903.421,8003.47,8237.776,8138.174,7978.404,8173.1426,7864.4717,8091.3926,8092.901,8045.3022,7935.7207,8166.8706,7887.0864
3138.0356,3180.1096,3251.3865,3220.5085,3146.5984,3234.243,3132.09,3181.381,3219.7803,3186.0098,3148.4219,3240.8625,3120.1335
5192.1514,5321.894,5451.021,5350.8936,5294.7793,5387.801,5172.634,5262.3364,5286.674,5272.6187,5217.854,5349.9517,5160.3193
2749.5676,2776.8845,2818.0923,2805.0261,2765.5654,2819.5115,2723.0916,2764.0178,2789.6072,2751.424,2707.821,2801.9531,2712.802
2196.9326,2208.1465,2265.0442,2235.268,2207.2336,2269.6604,2163.2512,2207.395,2237.8928,2199.2878,2181.0237,2246.0803,2177.5107
3342.995,3339.1245,3440.2078,3396.238,3371.7212,3417.971,3293.487,3362.7822,3426.7844,3382.201,3303.639,3445.876,3296.2202
3574.6326,3631.2573,3714.931,3656.069,3601.2676,3673.3386,3600.7385,3683.0894,3745.0889,3654.736,3614.9746,3734.597,3595.133
1357.5059,1423.0524,1459.0453,1427.692,1386.7655,1411.7661,1350.853,1352.5685,1371.3794,1343.5458,1347.725,1418.014,1377.715
1559.3553,1586.2802,1599.7855,1601.1775,1592.5648,1594.0062,1566.3597,1605.035,1585.3663,1588.606,1566.8153,1591.1315,1571.0846
1880.4607,1910.3777,1937.5215,1921.8519,1921.6941,1920.1582,1871.4164,1909.5192,1913.8657,1918.3461,1881.7675,1910.5671,1847.175
3419.1116,3464.7468,3538.7063,3520.6885,3462.0962,3511.053,3381.7969,3455.2773,3464.5427,3449.3328,3401.2295,3492.171,3398.8499
5423.293,5514.596,5659.9478,5611.7935,5532.866,5539.32,5432.7715,5602.2305,5539.9473,5568.01,5477.4316,5605.346,5435.671
4354.87,4361.9834,4520.6978,4444.8535,4355.907,4462.5684,4278.6865,4382.9873,4445.452,4395.1875,4307.8154,4466.3594,4283.306
1127.1433,1135.5305,1146.8466,1147.2283,1147.1993,1149.7153,1108.7902,1134.1072,1128.6018,1142.1176,1133.0638,1135.1377,1117.1486
3122.1282,3181.782,3284.8875,3222.4497,3150.8733,3210.6025,3117.5154,3147.005,3169.365,3148.6304,3097.562,3231.5671,3101.3867
3024.3633,3047.0435,3141.369,3132.081,3015.0923,3082.88,2996.5393,3052.7268,3060.6172,3056.4368,2986.6277,3107.9563,3006.6477
2778.974,2754.945,2859.159,2833.1301,2799.967,2814.553,2767.9355,2920.104,2827.2864,2874.298,2830.4565,2808.6965,2760.7285
5384.559,5546.524,5674.234,5606.4385,5492.3877,5618.0713,5289.248,5322.4937,5335.041,5377.5913,5305.2646,5458.612,5383.0225
3443.955,3514.3582,3619.9011,3565.258,3482.1147,3532.6692,3454.5828,3515.0972,3519.1558,3494.5317,3439.5908,3590.295,3442.421
4064.194,4116.165,4141.547,4148.4634,4113.4707,4115.577,4009.529,4048.5237,4124.7173,4118.6235,3998.5144,4133.394,4002.8145
2774.2795,2727.1812,2809.6226,2797.7024,2793.7903,2753.299,2741.9197,2807.9573,2809.1477,2860.6885,2749.1577,2772.336,2740.4595
4922.231,5128.1426,5158.329,5133.1475,5079.8926,5080.78,5147.1914,5312.4575,5192.154,5075.257,5108.6553,5246.5693,5093.2075
1522.3528,1548.9926,1585.1676,1573.5823,1540.3654,1569.4207,1503.0491,1513.4578,1524.4736,1520.3816,1485.2036,1549.8302,1520.1077
1077.3999,1058.9885,1091.0981,1086.4503,1084.8805,1069.1444,1064.7806,1090.4581,1090.8722,1110.941,1067.483,1076.5717,1064.2013
1487.6047,1485.8772,1544.5363,1520.1864,1495.6703,1524.4073,1469.9749,1503.9885,1511.2002,1506.0428,1474.5808,1510.3102,1478.2041
3022.71,3082.4995,3143.5798,3124.319,3030.2358,3148.517,3038.4417,3093.8652,3096.8323,3059.4207,3056.69,3131.0798,3052.8325
2233.3606,2195.5002,2261.8276,2252.2532,2249.0945,2216.486,2207.3328,2260.4849,2261.4375,2302.8887,2213.117,2231.8245,2206.1748
3765.1602,3798.5527,3903.047,3859.4548,3756.4849,3869.4482,3723.9314,3754.2207,3848.2935,3803.2844,3727.5552,3884.9202,3752.4492
3228.5952,3289.521,3358.2668,3322.8137,3279.4453,3313.768,3230.1147,3275.7837,3284.252,3273.321,3215.4727,3306.6873,3231.6782
4842.388,4874.5547,5028.2964,4993.428,4824.4043,4992.2036,4788.123,4877.808,4901.928,4860.4272,4798.665,4991.185,4858.0054
3207.737,3217.6375,3296.8342,3279.1084,3238.2942,3271.175,3139.6528,3208.957,3252.9927,3257.1284,3182.9631,3238.914,3171.7983
